2023/06/12 20:52:38 VMs 1, executed 0, corpus cover 2229, corpus signal 2449, max signal 0, crashes 0, repro 0
2023/06/12 20:52:48 VMs 1, executed 411, corpus cover 4487, corpus signal 5061, max signal 9973, crashes 0, repro 0
2023/06/12 20:52:58 VMs 1, executed 1042, corpus cover 7492, corpus signal 8746, max signal 16939, crashes 0, repro 0
2023/06/12 20:53:08 VMs 1, executed 2135, corpus cover 9025, corpus signal 11517, max signal 17496, crashes 0, repro 0
2023/06/12 20:53:18 VMs 1, executed 2135, corpus cover 9420, corpus signal 12088, max signal 17496, crashes 0, repro 0
2023/06/12 20:53:28 VMs 1, executed 3385, corpus cover 11134, corpus signal 14389, max signal 18703, crashes 0, repro 0
2023/06/12 20:53:38 VMs 1, executed 4390, corpus cover 11895, corpus signal 14501, max signal 19981, crashes 0, repro 0
2023/06/12 20:53:48 VMs 1, executed 4531, corpus cover 11952, corpus signal 14588, max signal 20359, crashes 0, repro 0
2023/06/12 20:53:58 VMs 1, executed 4672, corpus cover 12099, corpus signal 14654, max signal 20408, crashes 0, repro 0
2023/06/12 20:54:08 VMs 1, executed 4796, corpus cover 12120, corpus signal 14710, max signal 20419, crashes 0, repro 0
2023/06/12 20:54:18 VMs 1, executed 4918, corpus cover 12127, corpus signal 14726, max signal 20424, crashes 0, repro 0
2023/06/12 20:54:28 VMs 1, executed 4918, corpus cover 12326, corpus signal 14974, max signal 20424, crashes 0, repro 0
2023/06/12 20:54:38 VMs 1, executed 5051, corpus cover 12334, corpus signal 15062, max signal 20443, crashes 0, repro 0
2023/06/12 20:54:48 VMs 1, executed 5233, corpus cover 12420, corpus signal 15263, max signal 20454, crashes 0, repro 0
2023/06/12 20:54:58 VMs 1, executed 5388, corpus cover 12930, corpus signal 15906, max signal 20473, crashes 0, repro 0
2023/06/12 20:55:08 VMs 1, executed 5515, corpus cover 12986, corpus signal 15979, max signal 20479, crashes 0, repro 0
2023/06/12 20:55:18 VMs 1, executed 6129, corpus cover 13381, corpus signal 16652, max signal 20521, crashes 0, repro 0
2023/06/12 20:55:28 VMs 1, executed 6129, corpus cover 13605, corpus signal 16874, max signal 20521, crashes 0, repro 0
2023/06/12 20:55:38 VMs 1, executed 7890, corpus cover 13865, corpus signal 17252, max signal 20665, crashes 0, repro 0
2023/06/12 20:55:48 VMs 1, executed 8533, corpus cover 14048, corpus signal 17537, max signal 20728, crashes 0, repro 0
2023/06/12 20:55:58 VMs 1, executed 9160, corpus cover 14471, corpus signal 18142, max signal 20887, crashes 0, repro 0
2023/06/12 20:56:08 VMs 1, executed 10229, corpus cover 14963, corpus signal 19643, max signal 21982, crashes 0, repro 0
2023/06/12 20:56:18 VMs 1, executed 10757, corpus cover 15103, corpus signal 19891, max signal 22032, crashes 0, repro 0
2023/06/12 20:56:28 VMs 1, executed 10757, corpus cover 15207, corpus signal 20059, max signal 22032, crashes 0, repro 0
2023/06/12 20:56:38 VMs 1, executed 11357, corpus cover 15259, corpus signal 20139, max signal 22152, crashes 0, repro 0
2023/06/12 20:56:48 VMs 1, executed 11512, corpus cover 15325, corpus signal 20227, max signal 22182, crashes 0, repro 0
2023/06/12 20:56:58 VMs 1, executed 11647, corpus cover 15336, corpus signal 20248, max signal 22193, crashes 0, repro 0
2023/06/12 20:57:08 VMs 1, executed 11919, corpus cover 15485, corpus signal 20461, max signal 22232, crashes 0, repro 0
2023/06/12 20:57:18 VMs 1, executed 12479, corpus cover 15809, corpus signal 20865, max signal 22970, crashes 0, repro 0
2023/06/12 20:57:28 VMs 1, executed 12479, corpus cover 15937, corpus signal 21050, max signal 22970, crashes 0, repro 0
2023/06/12 20:57:38 VMs 1, executed 12951, corpus cover 16037, corpus signal 21220, max signal 23078, crashes 0, repro 0
2023/06/12 20:57:48 VMs 1, executed 13373, corpus cover 16586, corpus signal 21887, max signal 23721, crashes 0, repro 0
2023/06/12 20:57:58 VMs 1, executed 13530, corpus cover 16608, corpus signal 21916, max signal 24549, crashes 0, repro 0
2023/06/12 20:58:08 VMs 1, executed 13666, corpus cover 16653, corpus signal 21975, max signal 25455, crashes 0, repro 0
2023/06/12 20:58:18 VMs 1, executed 13787, corpus cover 16749, corpus signal 22086, max signal 25983, crashes 0, repro 0
2023/06/12 20:58:28 VMs 1, executed 13787, corpus cover 16766, corpus signal 22116, max signal 25983, crashes 0, repro 0
2023/06/12 20:58:38 VMs 1, executed 13922, corpus cover 16823, corpus signal 22194, max signal 26043, crashes 0, repro 0
2023/06/12 20:58:48 VMs 1, executed 14040, corpus cover 16827, corpus signal 22204, max signal 26097, crashes 0, repro 0
2023/06/12 20:58:58 VMs 1, executed 14151, corpus cover 16832, corpus signal 22216, max signal 26180, crashes 0, repro 0
2023/06/12 20:59:08 VMs 1, executed 14271, corpus cover 16921, corpus signal 22322, max signal 26194, crashes 0, repro 0
2023/06/12 20:59:18 VMs 1, executed 14531, corpus cover 16929, corpus signal 22337, max signal 26218, crashes 0, repro 0
2023/06/12 20:59:28 VMs 1, executed 14531, corpus cover 16984, corpus signal 22413, max signal 26218, crashes 0, repro 0
2023/06/12 20:59:38 VMs 1, executed 14691, corpus cover 17422, corpus signal 22911, max signal 26271, crashes 0, repro 0
2023/06/12 20:59:48 VMs 1, executed 15432, corpus cover 17688, corpus signal 23281, max signal 26529, crashes 0, repro 0
2023/06/12 20:59:58 VMs 1, executed 15883, corpus cover 17738, corpus signal 23354, max signal 26792, crashes 0, repro 0
2023/06/12 21:00:08 VMs 1, executed 16643, corpus cover 17806, corpus signal 23465, max signal 26843, crashes 0, repro 0
2023/06/12 21:00:18 VMs 1, executed 16774, corpus cover 17833, corpus signal 23509, max signal 26868, crashes 0, repro 0
2023/06/12 21:00:28 VMs 1, executed 16774, corpus cover 17871, corpus signal 23575, max signal 26868, crashes 0, repro 0
2023/06/12 21:00:38 VMs 1, executed 16907, corpus cover 18175, corpus signal 23982, max signal 26872, crashes 0, repro 0
2023/06/12 21:00:48 VMs 1, executed 17558, corpus cover 18332, corpus signal 24195, max signal 26999, crashes 0, repro 0
2023/06/12 21:00:58 VMs 1, executed 17877, corpus cover 18428, corpus signal 24296, max signal 27045, crashes 0, repro 0
2023/06/12 21:01:08 VMs 1, executed 18334, corpus cover 18572, corpus signal 24489, max signal 27073, crashes 0, repro 0
2023/06/12 21:01:18 VMs 1, executed 18501, corpus cover 18681, corpus signal 24645, max signal 27243, crashes 0, repro 0
2023/06/12 21:01:28 VMs 1, executed 18501, corpus cover 18902, corpus signal 24918, max signal 27243, crashes 0, repro 0
2023/06/12 21:01:38 VMs 1, executed 18861, corpus cover 19082, corpus signal 25158, max signal 27385, crashes 0, repro 0
2023/06/12 21:01:48 VMs 1, executed 19322, corpus cover 19251, corpus signal 25398, max signal 27810, crashes 0, repro 0
2023/06/12 21:01:58 VMs 1, executed 19627, corpus cover 19353, corpus signal 25544, max signal 27991, crashes 0, repro 0
2023/06/12 21:02:08 VMs 1, executed 20038, corpus cover 19443, corpus signal 25674, max signal 28111, crashes 0, repro 0
2023/06/12 21:02:18 VMs 1, executed 20482, corpus cover 19547, corpus signal 25834, max signal 29600, crashes 0, repro 0
2023/06/12 21:02:28 VMs 1, executed 20482, corpus cover 19574, corpus signal 25875, max signal 29600, crashes 0, repro 0
2023/06/12 21:02:38 VMs 1, executed 20638, corpus cover 19618, corpus signal 25942, max signal 29641, crashes 0, repro 0
2023/06/12 21:02:48 VMs 1, executed 20824, corpus cover 19933, corpus signal 26419, max signal 29647, crashes 0, repro 0
2023/06/12 21:02:58 VMs 1, executed 21752, corpus cover 20317, corpus signal 26970, max signal 29729, crashes 0, repro 0
2023/06/12 21:03:08 VMs 1, executed 22339, corpus cover 20418, corpus signal 27123, max signal 29773, crashes 0, repro 0
2023/06/12 21:03:18 VMs 1, executed 22969, corpus cover 20506, corpus signal 27263, max signal 29911, crashes 0, repro 0
2023/06/12 21:03:28 VMs 1, executed 22969, corpus cover 20714, corpus signal 27668, max signal 29911, crashes 0, repro 0
2023/06/12 21:03:38 VMs 1, executed 23431, corpus cover 20803, corpus signal 27790, max signal 30258, crashes 0, repro 0
2023/06/12 21:03:48 VMs 1, executed 23743, corpus cover 21144, corpus signal 28268, max signal 30746, crashes 0, repro 0
2023/06/12 21:03:58 VMs 1, executed 24499, corpus cover 21434, corpus signal 28654, max signal 31276, crashes 0, repro 0
2023/06/12 21:04:08 VMs 1, executed 24763, corpus cover 21468, corpus signal 28704, max signal 31292, crashes 0, repro 0
2023/06/12 21:04:18 VMs 1, executed 24897, corpus cover 21474, corpus signal 28717, max signal 31304, crashes 0, repro 0
2023/06/12 21:04:28 VMs 1, executed 24897, corpus cover 21487, corpus signal 28743, max signal 31304, crashes 0, repro 0
2023/06/12 21:04:38 VMs 1, executed 25077, corpus cover 21691, corpus signal 28866, max signal 31368, crashes 0, repro 0
2023/06/12 21:04:48 VMs 1, executed 25644, corpus cover 21894, corpus signal 29141, max signal 32141, crashes 0, repro 0
2023/06/12 21:04:58 VMs 1, executed 26191, corpus cover 22543, corpus signal 29740, max signal 32443, crashes 0, repro 0
2023/06/12 21:05:08 VMs 1, executed 26951, corpus cover 23974, corpus signal 31051, max signal 33975, crashes 0, repro 0
2023/06/12 21:05:18 VMs 1, executed 27507, corpus cover 24007, corpus signal 31147, max signal 34356, crashes 0, repro 0
2023/06/12 21:05:28 VMs 1, executed 27507, corpus cover 24043, corpus signal 31208, max signal 34356, crashes 0, repro 0
2023/06/12 21:05:38 VMs 1, executed 28007, corpus cover 24176, corpus signal 31614, max signal 34586, crashes 0, repro 0
2023/06/12 21:05:48 VMs 1, executed 28723, corpus cover 24274, corpus signal 31754, max signal 34881, crashes 0, repro 0
2023/06/12 21:05:58 VMs 1, executed 29545, corpus cover 24346, corpus signal 31874, max signal 35000, crashes 0, repro 0
2023/06/12 21:06:08 VMs 1, executed 30049, corpus cover 24741, corpus signal 32391, max signal 36079, crashes 0, repro 0
2023/06/12 21:06:18 VMs 1, executed 30614, corpus cover 24892, corpus signal 32604, max signal 36195, crashes 0, repro 0
2023/06/12 21:06:28 VMs 1, executed 30614, corpus cover 25232, corpus signal 33080, max signal 36195, crashes 0, repro 0
2023/06/12 21:06:38 VMs 1, executed 31619, corpus cover 25278, corpus signal 33167, max signal 36378, crashes 0, repro 0
2023/06/12 21:06:48 VMs 1, executed 32109, corpus cover 25305, corpus signal 33209, max signal 36605, crashes 0, repro 0
2023/06/12 21:06:58 VMs 1, executed 32339, corpus cover 25373, corpus signal 33306, max signal 36709, crashes 0, repro 0
2023/06/12 21:07:08 VMs 1, executed 32474, corpus cover 25378, corpus signal 33318, max signal 36711, crashes 0, repro 0
2023/06/12 21:07:18 VMs 1, executed 32802, corpus cover 25424, corpus signal 33389, max signal 36729, crashes 0, repro 0
2023/06/12 21:07:28 VMs 1, executed 32802, corpus cover 25602, corpus signal 33674, max signal 36729, crashes 0, repro 0
2023/06/12 21:07:38 VMs 1, executed 33672, corpus cover 25724, corpus signal 33853, max signal 37034, crashes 0, repro 0
2023/06/12 21:07:48 VMs 1, executed 34447, corpus cover 26650, corpus signal 35054, max signal 38354, crashes 0, repro 0
2023/06/12 21:07:58 VMs 1, executed 35223, corpus cover 26715, corpus signal 35161, max signal 38529, crashes 0, repro 0
2023/06/12 21:08:08 VMs 1, executed 35825, corpus cover 26862, corpus signal 35392, max signal 39126, crashes 0, repro 0
2023/06/12 21:08:18 VMs 1, executed 36957, corpus cover 27045, corpus signal 35665, max signal 39302, crashes 0, repro 0
2023/06/12 21:08:28 VMs 1, executed 36957, corpus cover 27149, corpus signal 35839, max signal 39302, crashes 0, repro 0
2023/06/12 21:08:38 VMs 1, executed 37744, corpus cover 27158, corpus signal 35864, max signal 39353, crashes 0, repro 0
2023/06/12 21:08:48 VMs 1, executed 38510, corpus cover 27293, corpus signal 36153, max signal 39720, crashes 0, repro 0
2023/06/12 21:08:58 VMs 1, executed 39360, corpus cover 27338, corpus signal 36232, max signal 39787, crashes 0, repro 0
2023/06/12 21:09:08 VMs 1, executed 39882, corpus cover 27441, corpus signal 36359, max signal 40350, crashes 0, repro 0
2023/06/12 21:09:18 VMs 1, executed 40477, corpus cover 27512, corpus signal 36455, max signal 40428, crashes 0, repro 0
2023/06/12 21:09:28 VMs 1, executed 40477, corpus cover 27658, corpus signal 36659, max signal 40428, crashes 0, repro 0
2023/06/12 21:09:38 VMs 1, executed 41167, corpus cover 27910, corpus signal 36992, max signal 40530, crashes 0, repro 0
2023/06/12 21:09:48 VMs 1, executed 41709, corpus cover 28035, corpus signal 37198, max signal 40827, crashes 0, repro 0
2023/06/12 21:09:58 VMs 1, executed 42211, corpus cover 28082, corpus signal 37274, max signal 40900, crashes 0, repro 0
2023/06/12 21:10:08 VMs 1, executed 43016, corpus cover 28114, corpus signal 37331, max signal 41073, crashes 0, repro 0
2023/06/12 21:10:18 VMs 1, executed 43276, corpus cover 28208, corpus signal 37441, max signal 41270, crashes 0, repro 0
2023/06/12 21:10:28 VMs 1, executed 43276, corpus cover 28486, corpus signal 37889, max signal 41270, crashes 0, repro 0
2023/06/12 21:10:38 VMs 1, executed 44115, corpus cover 28515, corpus signal 37960, max signal 41700, crashes 0, repro 0
2023/06/12 21:10:48 VMs 1, executed 44607, corpus cover 28643, corpus signal 38171, max signal 41844, crashes 0, repro 0
2023/06/12 21:10:58 VMs 1, executed 45078, corpus cover 28755, corpus signal 38363, max signal 41884, crashes 0, repro 0
2023/06/12 21:11:08 VMs 1, executed 45679, corpus cover 28850, corpus signal 38462, max signal 42128, crashes 0, repro 0
2023/06/12 21:11:18 VMs 1, executed 46392, corpus cover 29206, corpus signal 38935, max signal 42568, crashes 0, repro 0
2023/06/12 21:11:28 VMs 1, executed 46392, corpus cover 29356, corpus signal 39139, max signal 42568, crashes 0, repro 0
2023/06/12 21:11:38 VMs 1, executed 47222, corpus cover 29421, corpus signal 39217, max signal 42764, crashes 0, repro 0
2023/06/12 21:11:48 VMs 1, executed 47870, corpus cover 29439, corpus signal 39275, max signal 43385, crashes 0, repro 0
2023/06/12 21:11:58 VMs 1, executed 48140, corpus cover 29553, corpus signal 39435, max signal 43460, crashes 0, repro 0
2023/06/12 21:12:08 VMs 1, executed 49059, corpus cover 29675, corpus signal 39624, max signal 43509, crashes 0, repro 0
2023/06/12 21:12:18 VMs 1, executed 49863, corpus cover 30012, corpus signal 40091, max signal 44006, crashes 0, repro 0
2023/06/12 21:12:28 VMs 1, executed 49863, corpus cover 30103, corpus signal 40208, max signal 44006, crashes 0, repro 0
2023/06/12 21:12:38 VMs 1, executed 50092, corpus cover 30159, corpus signal 40300, max signal 44493, crashes 0, repro 0
2023/06/12 21:12:48 VMs 1, executed 50351, corpus cover 30446, corpus signal 40752, max signal 44518, crashes 0, repro 0
2023/06/12 21:12:58 VMs 1, executed 51025, corpus cover 30667, corpus signal 41083, max signal 44571, crashes 0, repro 0
2023/06/12 21:13:08 VMs 1, executed 51277, corpus cover 30667, corpus signal 41084, max signal 45021, crashes 0, repro 0
2023/06/12 21:13:18 VMs 1, executed 51404, corpus cover 30667, corpus signal 41084, max signal 45114, crashes 0, repro 0
2023/06/12 21:13:28 VMs 1, executed 51404, corpus cover 30711, corpus signal 41168, max signal 45114, crashes 0, repro 0
2023/06/12 21:13:38 VMs 1, executed 51905, corpus cover 30969, corpus signal 41574, max signal 45137, crashes 0, repro 0
2023/06/12 21:13:48 VMs 1, executed 52527, corpus cover 31052, corpus signal 41693, max signal 45322, crashes 0, repro 0
2023/06/12 21:13:58 VMs 1, executed 53507, corpus cover 31493, corpus signal 42231, max signal 45896, crashes 0, repro 0
2023/06/12 21:14:08 VMs 1, executed 54092, corpus cover 31719, corpus signal 42559, max signal 46323, crashes 0, repro 0
2023/06/12 21:14:18 VMs 1, executed 54785, corpus cover 33777, corpus signal 45384, max signal 49140, crashes 0, repro 0
2023/06/12 21:14:28 VMs 1, executed 54785, corpus cover 33905, corpus signal 45580, max signal 49140, crashes 0, repro 0
2023/06/12 21:14:38 VMs 1, executed 55525, corpus cover 34035, corpus signal 45877, max signal 49485, crashes 0, repro 0
2023/06/12 21:14:48 VMs 1, executed 56219, corpus cover 34104, corpus signal 45993, max signal 49877, crashes 0, repro 0
2023/06/12 21:14:58 VMs 1, executed 56714, corpus cover 34303, corpus signal 46322, max signal 49971, crashes 0, repro 0
2023/06/12 21:15:08 VMs 1, executed 57399, corpus cover 34310, corpus signal 46342, max signal 50209, crashes 0, repro 0
2023/06/12 21:15:18 VMs 1, executed 58054, corpus cover 34409, corpus signal 46489, max signal 50317, crashes 0, repro 0
2023/06/12 21:15:28 VMs 1, executed 58054, corpus cover 34416, corpus signal 46508, max signal 50317, crashes 0, repro 0
2023/06/12 21:15:38 VMs 1, executed 58184, corpus cover 34445, corpus signal 46554, max signal 50318, crashes 0, repro 0
2023/06/12 21:15:48 VMs 1, executed 58333, corpus cover 34453, corpus signal 46569, max signal 50323, crashes 0, repro 0
2023/06/12 21:15:58 VMs 1, executed 58482, corpus cover 34487, corpus signal 46616, max signal 50342, crashes 0, repro 0
2023/06/12 21:16:08 VMs 1, executed 58615, corpus cover 34502, corpus signal 46641, max signal 50388, crashes 0, repro 0
2023/06/12 21:16:18 VMs 1, executed 58738, corpus cover 34512, corpus signal 46660, max signal 50477, crashes 0, repro 0
2023/06/12 21:16:28 VMs 1, executed 58738, corpus cover 34561, corpus signal 46740, max signal 50477, crashes 0, repro 0
2023/06/12 21:16:38 VMs 1, executed 58906, corpus cover 34562, corpus signal 46744, max signal 50483, crashes 0, repro 0
2023/06/12 21:16:48 VMs 1, executed 59040, corpus cover 34576, corpus signal 46770, max signal 50504, crashes 0, repro 0
2023/06/12 21:16:58 VMs 1, executed 59152, corpus cover 34579, corpus signal 46777, max signal 50528, crashes 0, repro 0
2023/06/12 21:17:08 VMs 1, executed 59443, corpus cover 34602, corpus signal 46828, max signal 50621, crashes 0, repro 0
2023/06/12 21:17:18 VMs 1, executed 59640, corpus cover 34602, corpus signal 46830, max signal 50778, crashes 0, repro 0
2023/06/12 21:17:28 VMs 1, executed 59640, corpus cover 34616, corpus signal 46855, max signal 50778, crashes 0, repro 0
2023/06/12 21:17:38 VMs 1, executed 59762, corpus cover 34643, corpus signal 46894, max signal 50841, crashes 0, repro 0
2023/06/12 21:17:48 VMs 1, executed 59892, corpus cover 34660, corpus signal 46917, max signal 50845, crashes 0, repro 0
2023/06/12 21:17:58 VMs 1, executed 60090, corpus cover 34680, corpus signal 46966, max signal 50851, crashes 0, repro 0
2023/06/12 21:18:08 VMs 1, executed 60242, corpus cover 34732, corpus signal 47029, max signal 50857, crashes 0, repro 0
2023/06/12 21:18:18 VMs 1, executed 60362, corpus cover 34735, corpus signal 47042, max signal 50863, crashes 0, repro 0
2023/06/12 21:18:28 VMs 1, executed 60362, corpus cover 34767, corpus signal 47096, max signal 50863, crashes 0, repro 0
2023/06/12 21:18:38 VMs 1, executed 60496, corpus cover 34767, corpus signal 47096, max signal 50894, crashes 0, repro 0
2023/06/12 21:18:48 VMs 1, executed 60629, corpus cover 34767, corpus signal 47096, max signal 51029, crashes 0, repro 0
2023/06/12 21:18:58 VMs 1, executed 60761, corpus cover 34767, corpus signal 47096, max signal 51113, crashes 0, repro 0
2023/06/12 21:19:08 VMs 1, executed 60904, corpus cover 34817, corpus signal 47168, max signal 51140, crashes 0, repro 0
2023/06/12 21:19:18 VMs 1, executed 61022, corpus cover 34829, corpus signal 47190, max signal 51145, crashes 0, repro 0
2023/06/12 21:19:28 VMs 1, executed 61022, corpus cover 34831, corpus signal 47197, max signal 51145, crashes 0, repro 0
2023/06/12 21:19:38 VMs 1, executed 61142, corpus cover 34845, corpus signal 47221, max signal 51296, crashes 0, repro 0
2023/06/12 21:19:48 VMs 1, executed 61244, corpus cover 34847, corpus signal 47229, max signal 51314, crashes 0, repro 0
2023/06/12 21:19:58 VMs 1, executed 61371, corpus cover 34856, corpus signal 47241, max signal 51342, crashes 0, repro 0
2023/06/12 21:20:08 VMs 1, executed 61579, corpus cover 35004, corpus signal 47471, max signal 51347, crashes 0, repro 0
2023/06/12 21:20:18 VMs 1, executed 61854, corpus cover 35026, corpus signal 47513, max signal 51359, crashes 0, repro 0
2023/06/12 21:20:28 VMs 1, executed 61854, corpus cover 35038, corpus signal 47533, max signal 51359, crashes 0, repro 0
2023/06/12 21:20:38 VMs 1, executed 62109, corpus cover 35081, corpus signal 47600, max signal 51400, crashes 0, repro 0
2023/06/12 21:20:48 VMs 1, executed 62533, corpus cover 35120, corpus signal 47863, max signal 51710, crashes 0, repro 0
2023/06/12 21:20:58 VMs 1, executed 62879, corpus cover 35206, corpus signal 47989, max signal 51791, crashes 0, repro 0
2023/06/12 21:21:08 VMs 1, executed 63383, corpus cover 35218, corpus signal 48009, max signal 51820, crashes 0, repro 0
2023/06/12 21:21:18 VMs 1, executed 63664, corpus cover 35242, corpus signal 48042, max signal 51865, crashes 0, repro 0
2023/06/12 21:21:28 VMs 1, executed 63664, corpus cover 35296, corpus signal 48144, max signal 51865, crashes 0, repro 0
2023/06/12 21:21:38 VMs 1, executed 64017, corpus cover 35322, corpus signal 48214, max signal 52013, crashes 0, repro 0
2023/06/12 21:21:48 VMs 1, executed 64481, corpus cover 35322, corpus signal 48214, max signal 52190, crashes 0, repro 0
2023/06/12 21:21:58 VMs 1, executed 64872, corpus cover 35345, corpus signal 48255, max signal 52299, crashes 0, repro 0
2023/06/12 21:22:08 VMs 1, executed 65008, corpus cover 35377, corpus signal 48302, max signal 52311, crashes 0, repro 0
2023/06/12 21:22:18 VMs 1, executed 65149, corpus cover 35380, corpus signal 48309, max signal 52319, crashes 0, repro 0
2023/06/12 21:22:28 VMs 1, executed 65149, corpus cover 35383, corpus signal 48318, max signal 52319, crashes 0, repro 0
2023/06/12 21:22:38 VMs 1, executed 65278, corpus cover 35404, corpus signal 48348, max signal 52322, crashes 0, repro 0
2023/06/12 21:22:48 VMs 1, executed 65403, corpus cover 35465, corpus signal 48430, max signal 52324, crashes 0, repro 0
2023/06/12 21:22:58 VMs 1, executed 65521, corpus cover 35487, corpus signal 48460, max signal 52344, crashes 0, repro 0
2023/06/12 21:23:08 VMs 1, executed 65648, corpus cover 35490, corpus signal 48472, max signal 52402, crashes 0, repro 0
2023/06/12 21:23:18 VMs 1, executed 65771, corpus cover 35500, corpus signal 48482, max signal 52463, crashes 0, repro 0
2023/06/12 21:23:28 VMs 1, executed 65771, corpus cover 35696, corpus signal 48716, max signal 52463, crashes 0, repro 0
2023/06/12 21:23:38 VMs 1, executed 65890, corpus cover 35920, corpus signal 49011, max signal 52973, crashes 0, repro 0
2023/06/12 21:23:48 VMs 1, executed 66013, corpus cover 35932, corpus signal 49024, max signal 52975, crashes 0, repro 0
2023/06/12 21:23:58 VMs 1, executed 66142, corpus cover 35943, corpus signal 49046, max signal 52986, crashes 0, repro 0
2023/06/12 21:24:08 VMs 1, executed 66272, corpus cover 35952, corpus signal 49064, max signal 52988, crashes 0, repro 0
2023/06/12 21:24:18 VMs 1, executed 66393, corpus cover 35968, corpus signal 49095, max signal 52992, crashes 0, repro 0
2023/06/12 21:24:28 VMs 1, executed 66393, corpus cover 35970, corpus signal 49099, max signal 52992, crashes 0, repro 0
2023/06/12 21:24:38 VMs 1, executed 66522, corpus cover 36041, corpus signal 49216, max signal 53028, crashes 0, repro 0
2023/06/12 21:24:48 VMs 1, executed 67067, corpus cover 37014, corpus signal 50148, max signal 54006, crashes 0, repro 0
2023/06/12 21:24:58 VMs 1, executed 67631, corpus cover 37066, corpus signal 50219, max signal 54169, crashes 0, repro 0
2023/06/12 21:25:08 VMs 1, executed 68213, corpus cover 37112, corpus signal 50296, max signal 54242, crashes 0, repro 0
2023/06/12 21:25:18 VMs 1, executed 68904, corpus cover 37185, corpus signal 50409, max signal 54494, crashes 0, repro 0
2023/06/12 21:25:28 VMs 1, executed 68904, corpus cover 37189, corpus signal 50416, max signal 54494, crashes 0, repro 0
2023/06/12 21:25:38 VMs 1, executed 69273, corpus cover 37243, corpus signal 50496, max signal 54574, crashes 0, repro 0
2023/06/12 21:25:49 VMs 1, executed 69961, corpus cover 37444, corpus signal 50794, max signal 54669, crashes 0, repro 0
2023/06/12 21:25:59 VMs 1, executed 70289, corpus cover 37450, corpus signal 50810, max signal 54806, crashes 0, repro 0
2023/06/12 21:26:09 VMs 1, executed 70707, corpus cover 37549, corpus signal 50958, max signal 54869, crashes 0, repro 0
2023/06/12 21:26:19 VMs 1, executed 70859, corpus cover 37593, corpus signal 51021, max signal 54943, crashes 0, repro 0
2023/06/12 21:26:29 VMs 1, executed 70859, corpus cover 37605, corpus signal 51040, max signal 54943, crashes 0, repro 0
2023/06/12 21:26:39 VMs 1, executed 71156, corpus cover 37639, corpus signal 51096, max signal 55016, crashes 0, repro 0
2023/06/12 21:26:49 VMs 1, executed 71854, corpus cover 37709, corpus signal 51212, max signal 55071, crashes 0, repro 0
2023/06/12 21:26:59 VMs 1, executed 72459, corpus cover 37752, corpus signal 51300, max signal 55151, crashes 0, repro 0
2023/06/12 21:27:09 VMs 1, executed 72829, corpus cover 37752, corpus signal 51300, max signal 55214, crashes 0, repro 0
2023/06/12 21:27:19 VMs 1, executed 73258, corpus cover 37767, corpus signal 51333, max signal 55252, crashes 0, repro 0
2023/06/12 21:27:29 VMs 1, executed 73258, corpus cover 37924, corpus signal 51541, max signal 55252, crashes 0, repro 0
2023/06/12 21:27:39 VMs 1, executed 73737, corpus cover 37946, corpus signal 51579, max signal 55509, crashes 0, repro 0
2023/06/12 21:27:49 VMs 1, executed 74272, corpus cover 37994, corpus signal 51652, max signal 55541, crashes 0, repro 0
2023/06/12 21:27:59 VMs 1, executed 74744, corpus cover 37994, corpus signal 51653, max signal 55670, crashes 0, repro 0
2023/06/12 21:28:09 VMs 1, executed 75115, corpus cover 37999, corpus signal 51662, max signal 55746, crashes 0, repro 0
2023/06/12 21:28:19 VMs 1, executed 75250, corpus cover 38054, corpus signal 51732, max signal 55749, crashes 0, repro 0
2023/06/12 21:28:29 VMs 1, executed 75250, corpus cover 38061, corpus signal 51748, max signal 55749, crashes 0, repro 0
2023/06/12 21:28:39 VMs 1, executed 75508, corpus cover 38115, corpus signal 51816, max signal 55754, crashes 0, repro 0
2023/06/12 21:28:49 VMs 1, executed 75925, corpus cover 38141, corpus signal 51855, max signal 55779, crashes 0, repro 0
2023/06/12 21:28:59 VMs 1, executed 76600, corpus cover 38160, corpus signal 51885, max signal 55877, crashes 0, repro 0
2023/06/12 21:29:09 VMs 1, executed 77037, corpus cover 38209, corpus signal 51964, max signal 55917, crashes 0, repro 0
2023/06/12 21:29:19 VMs 1, executed 77200, corpus cover 38218, corpus signal 51984, max signal 55945, crashes 0, repro 0
2023/06/12 21:29:29 VMs 1, executed 77200, corpus cover 38242, corpus signal 52030, max signal 55945, crashes 0, repro 0
2023/06/12 21:29:39 VMs 1, executed 77431, corpus cover 38254, corpus signal 52044, max signal 55978, crashes 0, repro 0
2023/06/12 21:29:49 VMs 1, executed 77755, corpus cover 38300, corpus signal 52131, max signal 56057, crashes 0, repro 0
2023/06/12 21:29:59 VMs 1, executed 78490, corpus cover 38312, corpus signal 52165, max signal 56103, crashes 0, repro 0
2023/06/12 21:30:09 VMs 1, executed 79070, corpus cover 38365, corpus signal 52261, max signal 56206, crashes 0, repro 0
2023/06/12 21:30:19 VMs 1, executed 79628, corpus cover 38379, corpus signal 52290, max signal 56287, crashes 0, repro 0
2023/06/12 21:30:29 VMs 1, executed 79628, corpus cover 38387, corpus signal 52312, max signal 56287, crashes 0, repro 0
2023/06/12 21:30:39 VMs 1, executed 79915, corpus cover 38407, corpus signal 52381, max signal 56405, crashes 0, repro 0
2023/06/12 21:30:49 VMs 1, executed 80528, corpus cover 38445, corpus signal 52460, max signal 56441, crashes 0, repro 0
2023/06/12 21:30:59 VMs 1, executed 81184, corpus cover 38495, corpus signal 52486, max signal 56447, crashes 0, repro 0
2023/06/12 21:31:09 VMs 1, executed 81902, corpus cover 38495, corpus signal 52506, max signal 56467, crashes 0, repro 0
2023/06/12 21:31:19 VMs 1, executed 82117, corpus cover 38495, corpus signal 52510, max signal 56588, crashes 0, repro 0
2023/06/12 21:31:29 VMs 1, executed 82117, corpus cover 38524, corpus signal 52590, max signal 56588, crashes 0, repro 0
2023/06/12 21:31:39 VMs 1, executed 82759, corpus cover 38530, corpus signal 52629, max signal 56690, crashes 0, repro 0
2023/06/12 21:31:49 VMs 1, executed 83380, corpus cover 38572, corpus signal 52698, max signal 56700, crashes 0, repro 0
2023/06/12 21:31:59 VMs 1, executed 83918, corpus cover 38584, corpus signal 52729, max signal 56801, crashes 0, repro 0
2023/06/12 21:32:09 VMs 1, executed 84680, corpus cover 38602, corpus signal 52777, max signal 56824, crashes 0, repro 0
2023/06/12 21:32:19 VMs 1, executed 85181, corpus cover 38606, corpus signal 52785, max signal 56900, crashes 0, repro 0
2023/06/12 21:32:29 VMs 1, executed 85181, corpus cover 38686, corpus signal 52915, max signal 56900, crashes 0, repro 0
2023/06/12 21:32:39 VMs 1, executed 85826, corpus cover 38725, corpus signal 52978, max signal 57022, crashes 0, repro 0
2023/06/12 21:32:49 VMs 1, executed 86489, corpus cover 38725, corpus signal 52978, max signal 57089, crashes 0, repro 0
2023/06/12 21:32:59 VMs 1, executed 86891, corpus cover 38811, corpus signal 53110, max signal 57231, crashes 0, repro 0
2023/06/12 21:33:09 VMs 1, executed 87562, corpus cover 38825, corpus signal 53144, max signal 57292, crashes 0, repro 0
2023/06/12 21:33:19 VMs 1, executed 88015, corpus cover 38861, corpus signal 53196, max signal 57417, crashes 0, repro 0
2023/06/12 21:33:29 VMs 1, executed 88015, corpus cover 38861, corpus signal 53200, max signal 57417, crashes 0, repro 0
2023/06/12 21:33:39 VMs 1, executed 88166, corpus cover 38927, corpus signal 53294, max signal 57421, crashes 0, repro 0
2023/06/12 21:33:49 VMs 1, executed 88510, corpus cover 38927, corpus signal 53297, max signal 57439, crashes 0, repro 0
2023/06/12 21:33:59 VMs 1, executed 88674, corpus cover 39057, corpus signal 53458, max signal 57454, crashes 0, repro 0
2023/06/12 21:34:09 VMs 1, executed 89485, corpus cover 39113, corpus signal 53588, max signal 57677, crashes 0, repro 0
2023/06/12 21:34:19 VMs 1, executed 90001, corpus cover 39267, corpus signal 53914, max signal 58049, crashes 0, repro 0
2023/06/12 21:34:29 VMs 1, executed 90001, corpus cover 39309, corpus signal 54013, max signal 58049, crashes 0, repro 0
2023/06/12 21:34:39 VMs 1, executed 90526, corpus cover 39365, corpus signal 54094, max signal 58174, crashes 0, repro 0
2023/06/12 21:34:49 VMs 1, executed 91329, corpus cover 39424, corpus signal 54195, max signal 58515, crashes 0, repro 0
2023/06/12 21:34:59 VMs 1, executed 91911, corpus cover 39502, corpus signal 54298, max signal 58693, crashes 0, repro 0
2023/06/12 21:35:09 VMs 1, executed 92233, corpus cover 39522, corpus signal 54322, max signal 58889, crashes 0, repro 0
2023/06/12 21:35:19 VMs 1, executed 92483, corpus cover 39571, corpus signal 54390, max signal 58891, crashes 0, repro 0
2023/06/12 21:35:29 VMs 1, executed 92483, corpus cover 39639, corpus signal 54489, max signal 58891, crashes 0, repro 0
2023/06/12 21:35:39 VMs 1, executed 92964, corpus cover 39657, corpus signal 54515, max signal 59068, crashes 0, repro 0
2023/06/12 21:35:49 VMs 1, executed 93530, corpus cover 39729, corpus signal 54646, max signal 59130, crashes 0, repro 0
2023/06/12 21:35:59 VMs 1, executed 94009, corpus cover 39791, corpus signal 54734, max signal 59169, crashes 0, repro 0
2023/06/12 21:36:09 VMs 1, executed 94501, corpus cover 39812, corpus signal 54778, max signal 59248, crashes 0, repro 0
2023/06/12 21:36:19 VMs 1, executed 94629, corpus cover 39844, corpus signal 54814, max signal 59274, crashes 0, repro 0
2023/06/12 21:36:29 VMs 1, executed 94629, corpus cover 39854, corpus signal 54832, max signal 59274, crashes 0, repro 0
2023/06/12 21:36:39 VMs 1, executed 94866, corpus cover 39910, corpus signal 54916, max signal 59333, crashes 0, repro 0
2023/06/12 21:36:49 VMs 1, executed 95375, corpus cover 39953, corpus signal 55000, max signal 59449, crashes 0, repro 0
2023/06/12 21:36:59 VMs 1, executed 95912, corpus cover 40005, corpus signal 55083, max signal 59573, crashes 0, repro 0
2023/06/12 21:37:09 VMs 1, executed 96507, corpus cover 40015, corpus signal 55104, max signal 59631, crashes 0, repro 0
2023/06/12 21:37:19 VMs 1, executed 96785, corpus cover 40016, corpus signal 55106, max signal 59733, crashes 0, repro 0
2023/06/12 21:37:29 VMs 1, executed 96785, corpus cover 40074, corpus signal 55199, max signal 59733, crashes 0, repro 0
2023/06/12 21:37:39 VMs 1, executed 97592, corpus cover 40179, corpus signal 55283, max signal 59804, crashes 0, repro 0
2023/06/12 21:37:49 VMs 1, executed 97983, corpus cover 40190, corpus signal 55358, max signal 59941, crashes 0, repro 0
2023/06/12 21:37:59 VMs 1, executed 98171, corpus cover 40191, corpus signal 55360, max signal 59969, crashes 0, repro 0
2023/06/12 21:38:09 VMs 1, executed 98376, corpus cover 40199, corpus signal 55372, max signal 60135, crashes 0, repro 0
2023/06/12 21:38:19 VMs 1, executed 98545, corpus cover 40226, corpus signal 55414, max signal 60162, crashes 0, repro 0
2023/06/12 21:38:29 VMs 1, executed 98545, corpus cover 40230, corpus signal 55426, max signal 60162, crashes 0, repro 0
2023/06/12 21:38:39 VMs 1, executed 98709, corpus cover 40234, corpus signal 55434, max signal 60171, crashes 0, repro 0
2023/06/12 21:38:49 VMs 1, executed 98924, corpus cover 40281, corpus signal 55509, max signal 60254, crashes 0, repro 0
2023/06/12 21:38:59 VMs 1, executed 99302, corpus cover 40299, corpus signal 55539, max signal 60325, crashes 0, repro 0
2023/06/12 21:39:09 VMs 1, executed 99475, corpus cover 40317, corpus signal 55571, max signal 60329, crashes 0, repro 0
2023/06/12 21:39:19 VMs 1, executed 99966, corpus cover 40326, corpus signal 55590, max signal 60429, crashes 0, repro 0
2023/06/12 21:39:29 VMs 1, executed 99966, corpus cover 40381, corpus signal 55686, max signal 60429, crashes 0, repro 0
2023/06/12 21:39:39 VMs 1, executed 100501, corpus cover 40381, corpus signal 55686, max signal 60512, crashes 0, repro 0
2023/06/12 21:39:49 VMs 1, executed 100946, corpus cover 40518, corpus signal 55878, max signal 60771, crashes 0, repro 0
2023/06/12 21:39:59 VMs 1, executed 101526, corpus cover 40587, corpus signal 56009, max signal 60827, crashes 0, repro 0
2023/06/12 21:40:09 VMs 1, executed 102052, corpus cover 40615, corpus signal 56064, max signal 60910, crashes 0, repro 0
2023/06/12 21:40:19 VMs 1, executed 102497, corpus cover 40625, corpus signal 56081, max signal 61198, crashes 0, repro 0
2023/06/12 21:40:29 VMs 1, executed 102497, corpus cover 40879, corpus signal 56389, max signal 61198, crashes 0, repro 0
2023/06/12 21:40:39 VMs 1, executed 103097, corpus cover 40897, corpus signal 56428, max signal 61247, crashes 0, repro 0
2023/06/12 21:40:49 VMs 1, executed 103656, corpus cover 40898, corpus signal 56433, max signal 61297, crashes 0, repro 0
2023/06/12 21:40:59 VMs 1, executed 104184, corpus cover 40939, corpus signal 56496, max signal 61350, crashes 0, repro 0
2023/06/12 21:41:09 VMs 1, executed 104832, corpus cover 40954, corpus signal 56522, max signal 61365, crashes 0, repro 0
2023/06/12 21:41:19 VMs 1, executed 105020, corpus cover 40954, corpus signal 56522, max signal 61461, crashes 0, repro 0
2023/06/12 21:41:29 VMs 1, executed 105020, corpus cover 40954, corpus signal 56522, max signal 61461, crashes 0, repro 0
2023/06/12 21:41:39 VMs 1, executed 105171, corpus cover 40976, corpus signal 56549, max signal 61541, crashes 0, repro 0
2023/06/12 21:41:49 VMs 1, executed 105311, corpus cover 40978, corpus signal 56556, max signal 61569, crashes 0, repro 0
2023/06/12 21:41:59 VMs 1, executed 105441, corpus cover 40982, corpus signal 56568, max signal 61577, crashes 0, repro 0
2023/06/12 21:42:09 VMs 1, executed 105565, corpus cover 41014, corpus signal 56608, max signal 61581, crashes 0, repro 0
2023/06/12 21:42:19 VMs 1, executed 106005, corpus cover 41053, corpus signal 56674, max signal 61590, crashes 0, repro 0
2023/06/12 21:42:29 VMs 1, executed 106005, corpus cover 41064, corpus signal 56693, max signal 61590, crashes 0, repro 0
2023/06/12 21:42:39 VMs 1, executed 106296, corpus cover 41106, corpus signal 56750, max signal 61607, crashes 0, repro 0
2023/06/12 21:42:49 VMs 1, executed 106610, corpus cover 41106, corpus signal 56752, max signal 61623, crashes 0, repro 0
2023/06/12 21:42:59 VMs 1, executed 106754, corpus cover 41115, corpus signal 56766, max signal 61627, crashes 0, repro 0
2023/06/12 21:43:09 VMs 1, executed 106761, corpus cover 41115, corpus signal 56766, max signal 61627, crashes 0, repro 0
2023/06/12 21:43:18 vm-0: crash: lost connection to test machine
2023/06/12 21:43:18 XXXXXXXXXXXXXXXXXX runInstance XXXXXXXXXXXXXXX
2023/06/12 21:43:19 VMs 0, executed 106761, corpus cover 41115, corpus signal 56766, max signal 61627, crashes 1, repro 0
2023/06/12 21:43:29 VMs 0, executed 106761, corpus cover 41115, corpus signal 56766, max signal 61627, crashes 1, repro 0
2023/06/12 21:43:39 VMs 1, executed 106761, corpus cover 41115, corpus signal 56766, max signal 61627, crashes 1, repro 0
2023/06/12 21:43:47 vm-0: crash: panic: runtime error: invalid memory address or nil pointer dereference
2023/06/12 21:43:47 XXXXXXXXXXXXXXXXXX runInstance XXXXXXXXXXXXXXX
2023/06/12 21:43:49 VMs 0, executed 106761, corpus cover 41115, corpus signal 56766, max signal 61627, crashes 2, repro 0
2023/06/12 21:43:59 VMs 1, executed 106761, corpus cover 41115, corpus signal 56766, max signal 61627, crashes 2, repro 0
2023/06/12 21:44:09 VMs 1, executed 106761, corpus cover 41115, corpus signal 56766, max signal 61627, crashes 2, repro 0
